Ville,Lien
Abzac,https://abzac.peintre-en-batiment-33.com
Ambarès-et-Lagrave,https://ambares-et-lagrave.peintre-en-batiment-33.com
Ambès,https://ambes.peintre-en-batiment-33.com
Andernos-les-Bains,https://andernos-les-bains.peintre-en-batiment-33.com
Arbanats,https://arbanats.peintre-en-batiment-33.com
Arcachon,https://arcachon.peintre-en-batiment-33.com
Arès,https://ares.peintre-en-batiment-33.com
Arsac,https://arsac.peintre-en-batiment-33.com
Artigues-près-Bordeaux,https://artigues-pres-bordeaux.peintre-en-batiment-33.com
Arveyres,https://arveyres.peintre-en-batiment-33.com
Audenge,https://audenge.peintre-en-batiment-33.com
Auros,https://auros.peintre-en-batiment-33.com
Avensan,https://avensan.peintre-en-batiment-33.com
Ayguemorte-les-Graves,https://ayguemorte-les-graves.peintre-en-batiment-33.com
Baron,https://baron.peintre-en-batiment-33.com
Barsac,https://barsac.peintre-en-batiment-33.com
Bassens,https://bassens.peintre-en-batiment-33.com
Baurech,https://baurech.peintre-en-batiment-33.com
Bazas,https://bazas.peintre-en-batiment-33.com
Beautiran,https://beautiran.peintre-en-batiment-33.com
Bègles,https://begles.peintre-en-batiment-33.com
Béguey,https://beguey.peintre-en-batiment-33.com
Belin-Béliet,https://belin-beliet.peintre-en-batiment-33.com
Bernos-Beaulac,https://bernos-beaulac.peintre-en-batiment-33.com
Berson,https://berson.peintre-en-batiment-33.com
Beychac-et-Caillau,https://beychac-et-caillau.peintre-en-batiment-33.com
Biganos,https://biganos.peintre-en-batiment-33.com
Blanquefort,https://blanquefort.peintre-en-batiment-33.com
Blasimon,https://blasimon.peintre-en-batiment-33.com
Blaye,https://blaye.peintre-en-batiment-33.com
Bonnetan,https://bonnetan.peintre-en-batiment-33.com
Bordeaux,https://bordeaux.peintre-en-batiment-33.com
Bouliac,https://bouliac.peintre-en-batiment-33.com
Bourg,https://bourg.peintre-en-batiment-33.com
Brach,https://brach.peintre-en-batiment-33.com
Branne,https://branne.peintre-en-batiment-33.com
Braud-et-Saint-Louis,https://braud-et-saint-louis.peintre-en-batiment-33.com
Bruges,https://bruges.peintre-en-batiment-33.com
Cabanac-et-Villagrains,https://cabanac-et-villagrains.peintre-en-batiment-33.com
Cadaujac,https://cadaujac.peintre-en-batiment-33.com
Cadillac-en-Fronsadais,https://cadillac-en-fronsadais.peintre-en-batiment-33.com
Camarsac,https://camarsac.peintre-en-batiment-33.com
Cambes,https://cambes.peintre-en-batiment-33.com
Camblanes-et-Meynac,https://camblanes-et-meynac.peintre-en-batiment-33.com
Canéjan,https://canejan.peintre-en-batiment-33.com
Captieux,https://captieux.peintre-en-batiment-33.com
Carbon-Blanc,https://carbon-blanc.peintre-en-batiment-33.com
Carcans,https://carcans.peintre-en-batiment-33.com
Carignan-de-Bordeaux,https://carignan-de-bordeaux.peintre-en-batiment-33.com
Cars,https://cars.peintre-en-batiment-33.com
Cartelègue,https://cartelegue.peintre-en-batiment-33.com
Castelnau-de-Médoc,https://castelnau-de-medoc.peintre-en-batiment-33.com
Castets et Castillon,https://castets-et-castillon.peintre-en-batiment-33.com
Castillon-la-Bataille,https://castillon-la-bataille.peintre-en-batiment-33.com
Castres-Gironde,https://castres-gironde.peintre-en-batiment-33.com
Caudrot,https://caudrot.peintre-en-batiment-33.com
Cavignac,https://cavignac.peintre-en-batiment-33.com
Cénac,https://cenac.peintre-en-batiment-33.com
Cenon,https://cenon.peintre-en-batiment-33.com
Cérons,https://cerons.peintre-en-batiment-33.com
Cestas,https://cestas.peintre-en-batiment-33.com
Cézac,https://cezac.peintre-en-batiment-33.com
Cissac-Médoc,https://cissac-medoc.peintre-en-batiment-33.com
Coimères,https://coimeres.peintre-en-batiment-33.com
Coutras,https://coutras.peintre-en-batiment-33.com
Créon,https://creon.peintre-en-batiment-33.com
Cubnezais,https://cubnezais.peintre-en-batiment-33.com
Cubzac-les-Ponts,https://cubzac-les-ponts.peintre-en-batiment-33.com
Cussac-Fort-Médoc,https://cussac-fort-medoc.peintre-en-batiment-33.com
Donnezac,https://donnezac.peintre-en-batiment-33.com
Étauliers,https://etauliers.peintre-en-batiment-33.com
Eysines,https://eysines.peintre-en-batiment-33.com
Fargues,https://fargues.peintre-en-batiment-33.com
Fargues-Saint-Hilaire,https://fargues-saint-hilaire.peintre-en-batiment-33.com
Floirac,https://floirac.peintre-en-batiment-33.com
Fronsac,https://fronsac.peintre-en-batiment-33.com
Gaillan-en-Médoc,https://gaillan-en-medoc.peintre-en-batiment-33.com
Galgon,https://galgon.peintre-en-batiment-33.com
Gauriaguet,https://gauriaguet.peintre-en-batiment-33.com
Génissac,https://genissac.peintre-en-batiment-33.com
Gironde-sur-Dropt,https://gironde-sur-dropt.peintre-en-batiment-33.com
Gradignan,https://gradignan.peintre-en-batiment-33.com
Grayan-et-l'Hôpital,https://grayan-et-l-hopital.peintre-en-batiment-33.com
Grignols,https://grignols.peintre-en-batiment-33.com
Guîtres,https://guitres.peintre-en-batiment-33.com
Gujan-Mestras,https://gujan-mestras.peintre-en-batiment-33.com
Hostens,https://hostens.peintre-en-batiment-33.com
Hourtin,https://hourtin.peintre-en-batiment-33.com
Illats,https://illats.peintre-en-batiment-33.com
Izon,https://izon.peintre-en-batiment-33.com
Jau-Dignac-et-Loirac,https://jau-dignac-et-loirac.peintre-en-batiment-33.com
La Brède,https://la-brede.peintre-en-batiment-33.com
La Lande-de-Fronsac,https://la-lande-de-fronsac.peintre-en-batiment-33.com
La Réole,https://la-reole.peintre-en-batiment-33.com
La Sauve,https://la-sauve.peintre-en-batiment-33.com
La Teste-de-Buch,https://la-teste-de-buch.peintre-en-batiment-33.com
Lacanau,https://lacanau.peintre-en-batiment-33.com
Lagorce,https://lagorce.peintre-en-batiment-33.com
Lamarque,https://lamarque.peintre-en-batiment-33.com
Lamothe-Landerron,https://lamothe-landerron.peintre-en-batiment-33.com
Landiras,https://landiras.peintre-en-batiment-33.com
Langoiran,https://langoiran.peintre-en-batiment-33.com
Langon,https://langon.peintre-en-batiment-33.com
Lanton,https://lanton.peintre-en-batiment-33.com
Laruscade,https://laruscade.peintre-en-batiment-33.com
Latresne,https://latresne.peintre-en-batiment-33.com
Le Barp,https://le-barp.peintre-en-batiment-33.com
Le Bouscat,https://le-bouscat.peintre-en-batiment-33.com
Le Haillan,https://le-haillan.peintre-en-batiment-33.com
Le Pian-Médoc,https://le-pian-medoc.peintre-en-batiment-33.com
Le Pian-sur-Garonne,https://le-pian-sur-garonne.peintre-en-batiment-33.com
Le Porge,https://le-porge.peintre-en-batiment-33.com
Le Taillan-Médoc,https://le-taillan-medoc.peintre-en-batiment-33.com
Le Teich,https://le-teich.peintre-en-batiment-33.com
Le Verdon-sur-Mer,https://le-verdon-sur-mer.peintre-en-batiment-33.com
Lège-Cap-Ferret,https://lege-cap-ferret.peintre-en-batiment-33.com
Léogeats,https://leogeats.peintre-en-batiment-33.com
Léognan,https://leognan.peintre-en-batiment-33.com
Les Artigues-de-Lussac,https://les-artigues-de-lussac.peintre-en-batiment-33.com
Les Billaux,https://les-billaux.peintre-en-batiment-33.com
Les Églisottes-et-Chalaures,https://les-eglisottes-et-chalaures.peintre-en-batiment-33.com
Les Peintures,https://les-peintures.peintre-en-batiment-33.com
Lesparre-Médoc,https://lesparre-medoc.peintre-en-batiment-33.com
Libourne,https://libourne.peintre-en-batiment-33.com
Listrac-Médoc,https://listrac-medoc.peintre-en-batiment-33.com
Lormont,https://lormont.peintre-en-batiment-33.com
Loupes,https://loupes.peintre-en-batiment-33.com
Loupiac,https://loupiac.peintre-en-batiment-33.com
Ludon-Médoc,https://ludon-medoc.peintre-en-batiment-33.com
Lugon-et-l'Île-du-Carnay,https://lugon-et-l-ile-du-carnay.peintre-en-batiment-33.com
Lugos,https://lugos.peintre-en-batiment-33.com
Lussac,https://lussac.peintre-en-batiment-33.com
Macau,https://macau.peintre-en-batiment-33.com
Maransin,https://maransin.peintre-en-batiment-33.com
Marcheprime,https://marcheprime.peintre-en-batiment-33.com
Margaux-Cantenac,https://margaux-cantenac.peintre-en-batiment-33.com
Marsas,https://marsas.peintre-en-batiment-33.com
Martignas-sur-Jalle,https://martignas-sur-jalle.peintre-en-batiment-33.com
Martillac,https://martillac.peintre-en-batiment-33.com
Mérignac,https://merignac.peintre-en-batiment-33.com
Mios,https://mios.peintre-en-batiment-33.com
Monségur,https://monsegur.peintre-en-batiment-33.com
Montagne,https://montagne.peintre-en-batiment-33.com
Montussan,https://montussan.peintre-en-batiment-33.com
Mouliets-et-Villemartin,https://mouliets-et-villemartin.peintre-en-batiment-33.com
Moulis-en-Médoc,https://moulis-en-medoc.peintre-en-batiment-33.com
Moulon,https://moulon.peintre-en-batiment-33.com
Naujac-sur-Mer,https://naujac-sur-mer.peintre-en-batiment-33.com
Noaillan,https://noaillan.peintre-en-batiment-33.com
Paillet,https://paillet.peintre-en-batiment-33.com
Parempuyre,https://parempuyre.peintre-en-batiment-33.com
Pauillac,https://pauillac.peintre-en-batiment-33.com
Pellegrue,https://pellegrue.peintre-en-batiment-33.com
Périssac,https://perissac.peintre-en-batiment-33.com
Pessac,https://pessac.peintre-en-batiment-33.com
Peujard,https://peujard.peintre-en-batiment-33.com
Pineuilh,https://pineuilh.peintre-en-batiment-33.com
Plassac,https://plassac.peintre-en-batiment-33.com
Podensac,https://podensac.peintre-en-batiment-33.com
Pompignac,https://pompignac.peintre-en-batiment-33.com
Portets,https://portets.peintre-en-batiment-33.com
Préchac,https://prechac.peintre-en-batiment-33.com
Preignac,https://preignac.peintre-en-batiment-33.com
Prignac-et-Marcamps,https://prignac-et-marcamps.peintre-en-batiment-33.com
Pugnac,https://pugnac.peintre-en-batiment-33.com
Pujols-sur-Ciron,https://pujols-sur-ciron.peintre-en-batiment-33.com
Queyrac,https://queyrac.peintre-en-batiment-33.com
Quinsac,https://quinsac.peintre-en-batiment-33.com
Rauzan,https://rauzan.peintre-en-batiment-33.com
Reignac,https://reignac.peintre-en-batiment-33.com
Rions,https://rions.peintre-en-batiment-33.com
Roaillan,https://roaillan.peintre-en-batiment-33.com
Sablons,https://sablons.peintre-en-batiment-33.com
Sadirac,https://sadirac.peintre-en-batiment-33.com
Saint-André-de-Cubzac,https://saint-andre-de-cubzac.peintre-en-batiment-33.com
Saint-Aubin-de-Médoc,https://saint-aubin-de-medoc.peintre-en-batiment-33.com
Saint-Avit-Saint-Nazaire,https://saint-avit-saint-nazaire.peintre-en-batiment-33.com
Saint-Caprais-de-Bordeaux,https://saint-caprais-de-bordeaux.peintre-en-batiment-33.com
Saint-Christoly-de-Blaye,https://saint-christoly-de-blaye.peintre-en-batiment-33.com
Saint-Ciers-d'Abzac,https://saint-ciers-d-abzac.peintre-en-batiment-33.com
Saint-Ciers-sur-Gironde,https://saint-ciers-sur-gironde.peintre-en-batiment-33.com
Saint-Denis-de-Pile,https://saint-denis-de-pile.peintre-en-batiment-33.com
Saint-Émilion,https://saint-emilion.peintre-en-batiment-33.com
Saint-Estèphe,https://saint-estephe.peintre-en-batiment-33.com
Saint-Genès-de-Fronsac,https://saint-genes-de-fronsac.peintre-en-batiment-33.com
Saint-Germain-d'Esteuil,https://saint-germain-d-esteuil.peintre-en-batiment-33.com
Saint-Germain-du-Puch,https://saint-germain-du-puch.peintre-en-batiment-33.com
Saint-Gervais,https://saint-gervais.peintre-en-batiment-33.com
Saint-Girons-d'Aiguevives,https://saint-girons-d-aiguevives.peintre-en-batiment-33.com
Saint-Jean-d'Illac,https://saint-jean-d-illac.peintre-en-batiment-33.com
Saint-Laurent-d'Arce,https://saint-laurent-d-arce.peintre-en-batiment-33.com
Saint-Laurent-Médoc,https://saint-laurent-medoc.peintre-en-batiment-33.com
Saint-Loubès,https://saint-loubes.peintre-en-batiment-33.com
Saint-Louis-de-Montferrand,https://saint-louis-de-montferrand.peintre-en-batiment-33.com
Saint-Macaire,https://saint-macaire.peintre-en-batiment-33.com
Saint-Magne,https://saint-magne.peintre-en-batiment-33.com
Saint-Magne-de-Castillon,https://saint-magne-de-castillon.peintre-en-batiment-33.com
Saint-Maixant,https://saint-maixant.peintre-en-batiment-33.com
Saint-Mariens,https://saint-mariens.peintre-en-batiment-33.com
Saint-Martin-Lacaussade,https://saint-martin-lacaussade.peintre-en-batiment-33.com
Saint-Médard-d'Eyrans,https://saint-medard-d-eyrans.peintre-en-batiment-33.com
Saint-Médard-de-Guizières,https://saint-medard-de-guizieres.peintre-en-batiment-33.com
Saint-Médard-en-Jalles,https://saint-medard-en-jalles.peintre-en-batiment-33.com
Saint-Morillon,https://saint-morillon.peintre-en-batiment-33.com
Saint-Paul,https://saint-paul.peintre-en-batiment-33.com
Saint-Pierre-d'Aurillac,https://saint-pierre-d-aurillac.peintre-en-batiment-33.com
Saint-Pierre-de-Mons,https://saint-pierre-de-mons.peintre-en-batiment-33.com
Saint-Quentin-de-Baron,https://saint-quentin-de-baron.peintre-en-batiment-33.com
Saint-Romain-la-Virvée,https://saint-romain-la-virvee.peintre-en-batiment-33.com
Saint-Sauveur,https://saint-sauveur.peintre-en-batiment-33.com
Saint-Savin,https://saint-savin.peintre-en-batiment-33.com
Saint-Selve,https://saint-selve.peintre-en-batiment-33.com
Saint-Seurin-sur-l'Isle,https://saint-seurin-sur-l-isle.peintre-en-batiment-33.com
Saint-Sulpice-de-Faleyrens,https://saint-sulpice-de-faleyrens.peintre-en-batiment-33.com
Saint-Sulpice-et-Cameyrac,https://saint-sulpice-et-cameyrac.peintre-en-batiment-33.com
Saint-Symphorien,https://saint-symphorien.peintre-en-batiment-33.com
Saint-Vincent-de-Paul,https://saint-vincent-de-paul.peintre-en-batiment-33.com
Saint-Vivien-de-Médoc,https://saint-vivien-de-medoc.peintre-en-batiment-33.com
Saint-Yzan-de-Soudiac,https://saint-yzan-de-soudiac.peintre-en-batiment-33.com
Sainte-Eulalie,https://sainte-eulalie.peintre-en-batiment-33.com
Sainte-Foy-la-Grande,https://sainte-foy-la-grande.peintre-en-batiment-33.com
Sainte-Hélène,https://sainte-helene.peintre-en-batiment-33.com
Sainte-Terre,https://sainte-terre.peintre-en-batiment-33.com
Salaunes,https://salaunes.peintre-en-batiment-33.com
Salles,https://salles.peintre-en-batiment-33.com
Saucats,https://saucats.peintre-en-batiment-33.com
Sauveterre-de-Guyenne,https://sauveterre-de-guyenne.peintre-en-batiment-33.com
Soulac-sur-Mer,https://soulac-sur-mer.peintre-en-batiment-33.com
Soussans,https://soussans.peintre-en-batiment-33.com
Tabanac,https://tabanac.peintre-en-batiment-33.com
Talence,https://talence.peintre-en-batiment-33.com
Targon,https://targon.peintre-en-batiment-33.com
Tauriac,https://tauriac.peintre-en-batiment-33.com
Toulenne,https://toulenne.peintre-en-batiment-33.com
Tresses,https://tresses.peintre-en-batiment-33.com
Val-de-Livenne,https://val-de-livenne.peintre-en-batiment-33.com
Val de Virvée,https://val-de-virvee.peintre-en-batiment-33.com
Vayres,https://vayres.peintre-en-batiment-33.com
Vendays-Montalivet,https://vendays-montalivet.peintre-en-batiment-33.com
Vensac,https://vensac.peintre-en-batiment-33.com
Verdelais,https://verdelais.peintre-en-batiment-33.com
Vertheuil,https://vertheuil.peintre-en-batiment-33.com
Villandraut,https://villandraut.peintre-en-batiment-33.com
Villegouge,https://villegouge.peintre-en-batiment-33.com
Villenave-d'Ornon,https://villenave-d-ornon.peintre-en-batiment-33.com
Virelade,https://virelade.peintre-en-batiment-33.com
Virsac,https://virsac.peintre-en-batiment-33.com
Yvrac,https://yvrac.peintre-en-batiment-33.com